,year,month,weekday,total,pedestrian,motorist,cyclist
0,2012,Aug,Mon,2,0,2,0
1,2012,Aug,Tue,1,0,1,0
2,2012,Aug,Wed,1,0,1,0
3,2012,Aug,Thu,1,1,0,0
4,2012,Aug,Fri,0,0,0,0
5,2012,Aug,Sat,1,0,1,0
6,2012,Aug,Sun,0,0,0,0
7,2012,Dec,Mon,2,1,1,0
8,2012,Dec,Tue,0,0,0,0
9,2012,Dec,Wed,0,0,0,0
10,2012,Dec,Thu,0,0,0,0
11,2012,Dec,Fri,1,0,1,0
12,2012,Dec,Sat,1,1,0,0
13,2012,Dec,Sun,2,0,2,0
14,2012,Jul,Mon,1,0,1,0
15,2012,Jul,Tue,0,0,0,0
16,2012,Jul,Wed,0,0,0,0
17,2012,Jul,Thu,1,0,1,0
18,2012,Jul,Fri,0,0,0,0
19,2012,Jul,Sat,1,1,0,0
20,2012,Jul,Sun,5,0,5,0
21,2012,Nov,Mon,0,0,0,0
22,2012,Nov,Tue,1,0,1,0
23,2012,Nov,Wed,1,0,1,0
24,2012,Nov,Thu,1,1,0,0
25,2012,Nov,Fri,0,0,0,0
26,2012,Nov,Sat,0,0,0,0
27,2012,Nov,Sun,2,1,1,0
28,2012,Oct,Mon,0,0,0,0
29,2012,Oct,Tue,1,0,1,0
30,2012,Oct,Wed,0,0,0,0
31,2012,Oct,Thu,0,0,0,0
32,2012,Oct,Fri,0,0,0,0
33,2012,Oct,Sat,1,0,1,0
34,2012,Oct,Sun,0,0,0,0
35,2012,Sep,Mon,1,0,1,0
36,2012,Sep,Tue,0,0,0,0
37,2012,Sep,Wed,1,1,0,0
38,2012,Sep,Thu,0,0,0,0
39,2012,Sep,Fri,0,0,0,0
40,2012,Sep,Sat,2,2,0,0
41,2012,Sep,Sun,0,0,0,0
42,2013,Apr,Mon,0,0,0,0
43,2013,Apr,Tue,1,1,0,0
44,2013,Apr,Wed,2,2,0,0
45,2013,Apr,Thu,0,0,0,0
46,2013,Apr,Fri,0,0,0,0
47,2013,Apr,Sat,0,0,0,0
48,2013,Apr,Sun,0,0,0,0
49,2013,Aug,Mon,0,0,0,0
50,2013,Aug,Tue,0,0,0,0
51,2013,Aug,Wed,1,0,1,0
52,2013,Aug,Thu,3,0,3,0
53,2013,Aug,Fri,2,1,1,0
54,2013,Aug,Sat,3,0,3,0
55,2013,Aug,Sun,0,0,0,0
56,2013,Dec,Mon,0,0,0,0
57,2013,Dec,Tue,1,0,1,0
58,2013,Dec,Wed,0,0,0,0
59,2013,Dec,Thu,0,0,0,0
60,2013,Dec,Fri,1,1,0,0
61,2013,Dec,Sat,2,0,2,0
62,2013,Dec,Sun,0,0,0,0
63,2013,Feb,Mon,0,0,0,0
64,2013,Feb,Tue,0,0,0,0
65,2013,Feb,Wed,1,0,1,0
66,2013,Feb,Thu,1,1,0,0
67,2013,Feb,Fri,1,1,0,0
68,2013,Feb,Sat,1,0,1,0
69,2013,Feb,Sun,1,1,0,0
70,2013,Jan,Mon,0,0,0,0
71,2013,Jan,Tue,0,0,0,0
72,2013,Jan,Wed,0,0,0,0
73,2013,Jan,Thu,0,0,0,0
74,2013,Jan,Fri,0,0,0,0
75,2013,Jan,Sat,5,2,3,0
76,2013,Jan,Sun,1,1,0,0
77,2013,Jul,Mon,0,0,0,0
78,2013,Jul,Tue,1,0,1,0
79,2013,Jul,Wed,0,0,0,0
80,2013,Jul,Thu,0,0,0,0
81,2013,Jul,Fri,0,0,0,0
82,2013,Jul,Sat,0,0,0,0
83,2013,Jul,Sun,2,0,2,0
84,2013,Jun,Mon,2,2,0,0
85,2013,Jun,Tue,2,1,1,0
86,2013,Jun,Wed,0,0,0,0
87,2013,Jun,Thu,0,0,0,0
88,2013,Jun,Fri,0,0,0,0
89,2013,Jun,Sat,0,0,0,0
90,2013,Jun,Sun,0,0,0,0
91,2013,Mar,Mon,1,1,0,0
92,2013,Mar,Tue,0,0,0,0
93,2013,Mar,Wed,0,0,0,0
94,2013,Mar,Thu,0,0,0,0
95,2013,Mar,Fri,0,0,0,0
96,2013,Mar,Sat,1,1,0,0
97,2013,Mar,Sun,4,0,4,0
98,2013,May,Mon,0,0,0,0
99,2013,May,Tue,0,0,0,0
100,2013,May,Wed,0,0,0,0
101,2013,May,Thu,0,0,0,0
102,2013,May,Fri,1,1,0,0
103,2013,May,Sat,0,0,0,0
104,2013,May,Sun,0,0,0,0
105,2013,Nov,Mon,3,3,0,0
106,2013,Nov,Tue,3,2,1,0
107,2013,Nov,Wed,1,1,0,0
108,2013,Nov,Thu,0,0,0,0
109,2013,Nov,Fri,0,0,0,0
110,2013,Nov,Sat,3,1,2,0
111,2013,Nov,Sun,0,0,0,0
112,2013,Oct,Mon,0,0,0,0
113,2013,Oct,Tue,1,0,1,0
114,2013,Oct,Wed,0,0,0,0
115,2013,Oct,Thu,0,0,0,0
116,2013,Oct,Fri,0,0,0,0
117,2013,Oct,Sat,0,0,0,0
118,2013,Oct,Sun,1,0,1,0
119,2013,Sep,Mon,0,0,0,0
120,2013,Sep,Tue,0,0,0,0
121,2013,Sep,Wed,0,0,0,0
122,2013,Sep,Thu,0,0,0,0
123,2013,Sep,Fri,0,0,0,0
124,2013,Sep,Sat,2,0,2,0
125,2013,Sep,Sun,1,0,1,0
126,2014,Apr,Mon,1,0,1,0
127,2014,Apr,Tue,1,0,1,0
128,2014,Apr,Wed,1,1,0,0
129,2014,Apr,Thu,1,1,0,0
130,2014,Apr,Fri,4,0,4,0
131,2014,Apr,Sat,1,0,1,0
132,2014,Apr,Sun,0,0,0,0
133,2014,Aug,Mon,0,0,0,0
134,2014,Aug,Tue,0,0,0,0
135,2014,Aug,Wed,0,0,0,0
136,2014,Aug,Thu,1,1,0,0
137,2014,Aug,Fri,1,1,0,0
138,2014,Aug,Sat,0,0,0,0
139,2014,Aug,Sun,1,0,1,0
140,2014,Dec,Mon,1,0,1,0
141,2014,Dec,Tue,1,1,0,0
142,2014,Dec,Wed,0,0,0,0
143,2014,Dec,Thu,0,0,0,0
144,2014,Dec,Fri,0,0,0,0
145,2014,Dec,Sat,1,0,1,0
146,2014,Dec,Sun,0,0,0,0
147,2014,Feb,Mon,0,0,0,0
148,2014,Feb,Tue,0,0,0,0
149,2014,Feb,Wed,0,0,0,0
150,2014,Feb,Thu,0,0,0,0
151,2014,Feb,Fri,0,0,0,0
152,2014,Feb,Sat,0,0,0,0
153,2014,Feb,Sun,1,1,0,0
154,2014,Jan,Mon,0,0,0,0
155,2014,Jan,Tue,0,0,0,0
156,2014,Jan,Wed,0,0,0,0
157,2014,Jan,Thu,0,0,0,0
158,2014,Jan,Fri,2,1,1,0
159,2014,Jan,Sat,0,0,0,0
160,2014,Jan,Sun,1,0,1,0
161,2014,Jul,Mon,0,0,0,0
162,2014,Jul,Tue,0,0,0,0
163,2014,Jul,Wed,2,1,1,0
164,2014,Jul,Thu,0,0,0,0
165,2014,Jul,Fri,2,0,2,0
166,2014,Jul,Sat,1,1,0,0
167,2014,Jul,Sun,1,0,1,0
168,2014,Jun,Mon,1,1,0,0
169,2014,Jun,Tue,0,0,0,0
170,2014,Jun,Wed,0,0,0,0
171,2014,Jun,Thu,0,0,0,0
172,2014,Jun,Fri,0,0,0,0
173,2014,Jun,Sat,0,0,0,0
174,2014,Jun,Sun,0,0,0,0
175,2014,Mar,Mon,0,0,0,0
176,2014,Mar,Tue,0,0,0,0
177,2014,Mar,Wed,1,0,1,0
178,2014,Mar,Thu,0,0,0,0
179,2014,Mar,Fri,0,0,0,0
180,2014,Mar,Sat,0,0,0,0
181,2014,Mar,Sun,2,0,2,0
182,2014,May,Mon,2,0,2,0
183,2014,May,Tue,0,0,0,0
184,2014,May,Wed,0,0,0,0
185,2014,May,Thu,1,1,0,0
186,2014,May,Fri,0,0,0,0
187,2014,May,Sat,0,0,0,0
188,2014,May,Sun,2,0,2,0
189,2014,Nov,Mon,0,0,0,0
190,2014,Nov,Tue,0,0,0,0
191,2014,Nov,Wed,0,0,0,0
192,2014,Nov,Thu,1,0,1,0
193,2014,Nov,Fri,0,0,0,0
194,2014,Nov,Sat,1,1,0,0
195,2014,Nov,Sun,0,0,0,0
196,2014,Oct,Mon,0,0,0,0
197,2014,Oct,Tue,0,0,0,0
198,2014,Oct,Wed,0,0,0,0
199,2014,Oct,Thu,0,0,0,0
200,2014,Oct,Fri,1,1,0,0
201,2014,Oct,Sat,0,0,0,0
202,2014,Oct,Sun,0,0,0,0
203,2014,Sep,Mon,0,0,0,0
204,2014,Sep,Tue,2,0,2,0
205,2014,Sep,Wed,0,0,0,0
206,2014,Sep,Thu,2,0,2,0
207,2014,Sep,Fri,0,0,0,0
208,2014,Sep,Sat,0,0,0,0
209,2014,Sep,Sun,0,0,0,0
210,2015,Apr,Mon,0,0,0,0
211,2015,Apr,Tue,0,0,0,0
212,2015,Apr,Wed,0,0,0,0
213,2015,Apr,Thu,1,0,1,0
214,2015,Apr,Fri,0,0,0,0
215,2015,Apr,Sat,1,0,1,0
216,2015,Apr,Sun,1,0,1,0
217,2015,Aug,Mon,1,1,0,0
218,2015,Aug,Tue,0,0,0,0
219,2015,Aug,Wed,1,0,0,1
220,2015,Aug,Thu,0,0,0,0
221,2015,Aug,Fri,0,0,0,0
222,2015,Aug,Sat,1,0,1,0
223,2015,Aug,Sun,0,0,0,0
224,2015,Dec,Mon,1,1,0,0
225,2015,Dec,Tue,2,1,1,0
226,2015,Dec,Wed,1,0,1,0
227,2015,Dec,Thu,0,0,0,0
228,2015,Dec,Fri,0,0,0,0
229,2015,Dec,Sat,0,0,0,0
230,2015,Dec,Sun,2,1,1,0
231,2015,Feb,Mon,0,0,0,0
232,2015,Feb,Tue,0,0,0,0
233,2015,Feb,Wed,1,0,1,0
234,2015,Feb,Thu,0,0,0,0
235,2015,Feb,Fri,0,0,0,0
236,2015,Feb,Sat,0,0,0,0
237,2015,Feb,Sun,0,0,0,0
238,2015,Jan,Mon,2,1,1,0
239,2015,Jan,Tue,0,0,0,0
240,2015,Jan,Wed,1,0,1,0
241,2015,Jan,Thu,0,0,0,0
242,2015,Jan,Fri,0,0,0,0
243,2015,Jan,Sat,1,1,0,0
244,2015,Jan,Sun,1,1,0,0
245,2015,Jul,Mon,1,0,0,1
246,2015,Jul,Tue,0,0,0,0
247,2015,Jul,Wed,4,1,3,0
248,2015,Jul,Thu,0,0,0,0
249,2015,Jul,Fri,0,0,0,0
250,2015,Jul,Sat,0,0,0,0
251,2015,Jul,Sun,1,0,1,0
252,2015,Jun,Mon,1,0,1,0
253,2015,Jun,Tue,1,0,1,0
254,2015,Jun,Wed,1,0,1,0
255,2015,Jun,Thu,1,0,1,0
256,2015,Jun,Fri,0,0,0,0
257,2015,Jun,Sat,0,0,0,0
258,2015,Jun,Sun,1,0,1,0
259,2015,Mar,Mon,2,1,1,0
260,2015,Mar,Tue,0,0,0,0
261,2015,Mar,Wed,0,0,0,0
262,2015,Mar,Thu,0,0,0,0
263,2015,Mar,Fri,2,2,0,0
264,2015,Mar,Sat,0,0,0,0
265,2015,Mar,Sun,0,0,0,0
266,2015,May,Mon,3,0,3,0
267,2015,May,Tue,2,0,2,0
268,2015,May,Wed,0,0,0,0
269,2015,May,Thu,0,0,0,0
270,2015,May,Fri,0,0,0,0
271,2015,May,Sat,0,0,0,0
272,2015,May,Sun,2,1,1,0
273,2015,Nov,Mon,1,0,1,0
274,2015,Nov,Tue,0,0,0,0
275,2015,Nov,Wed,0,0,0,0
276,2015,Nov,Thu,1,1,0,0
277,2015,Nov,Fri,0,0,0,0
278,2015,Nov,Sat,0,0,0,0
279,2015,Nov,Sun,0,0,0,0
280,2015,Oct,Mon,0,0,0,0
281,2015,Oct,Tue,2,1,1,0
282,2015,Oct,Wed,1,0,1,0
283,2015,Oct,Thu,0,0,0,0
284,2015,Oct,Fri,0,0,0,0
285,2015,Oct,Sat,0,0,0,0
286,2015,Oct,Sun,0,0,0,0
287,2015,Sep,Mon,1,0,0,1
288,2015,Sep,Tue,0,0,0,0
289,2015,Sep,Wed,0,0,0,0
290,2015,Sep,Thu,0,0,0,0
291,2015,Sep,Fri,0,0,0,0
292,2015,Sep,Sat,1,0,1,0
293,2015,Sep,Sun,0,0,0,0
294,2016,Apr,Mon,1,1,0,0
295,2016,Apr,Tue,0,0,0,0
296,2016,Apr,Wed,0,0,0,0
297,2016,Apr,Thu,0,0,0,0
298,2016,Apr,Fri,0,0,0,0
299,2016,Apr,Sat,0,0,0,0
300,2016,Apr,Sun,0,0,0,0
301,2016,Aug,Mon,0,0,0,0
302,2016,Aug,Tue,0,0,0,0
303,2016,Aug,Wed,1,1,0,0
304,2016,Aug,Thu,0,0,0,0
305,2016,Aug,Fri,0,0,0,0
306,2016,Aug,Sat,0,0,0,0
307,2016,Aug,Sun,1,1,0,0
308,2016,Dec,Mon,0,0,0,0
309,2016,Dec,Tue,0,0,0,0
310,2016,Dec,Wed,0,0,0,0
311,2016,Dec,Thu,0,0,0,0
312,2016,Dec,Fri,0,0,0,0
313,2016,Dec,Sat,0,0,0,0
314,2016,Dec,Sun,1,0,1,0
315,2016,Feb,Mon,0,0,0,0
316,2016,Feb,Tue,0,0,0,0
317,2016,Feb,Wed,1,0,1,0
318,2016,Feb,Thu,0,0,0,0
319,2016,Feb,Fri,1,1,0,0
320,2016,Feb,Sat,0,0,0,0
321,2016,Feb,Sun,0,0,0,0
322,2016,Jan,Mon,1,0,1,0
323,2016,Jan,Tue,0,0,0,0
324,2016,Jan,Wed,0,0,0,0
325,2016,Jan,Thu,1,1,0,0
326,2016,Jan,Fri,0,0,0,0
327,2016,Jan,Sat,1,0,1,0
328,2016,Jan,Sun,1,1,0,0
329,2016,Jul,Mon,0,0,0,0
330,2016,Jul,Tue,0,0,0,0
331,2016,Jul,Wed,0,0,0,0
332,2016,Jul,Thu,1,0,1,0
333,2016,Jul,Fri,0,0,0,0
334,2016,Jul,Sat,0,0,0,0
335,2016,Jul,Sun,1,0,1,0
336,2016,Jun,Mon,1,1,0,0
337,2016,Jun,Tue,0,0,0,0
338,2016,Jun,Wed,0,0,0,0
339,2016,Jun,Thu,0,0,0,0
340,2016,Jun,Fri,1,0,1,0
341,2016,Jun,Sat,0,0,0,0
342,2016,Jun,Sun,1,0,1,0
343,2016,Mar,Mon,0,0,0,0
344,2016,Mar,Tue,0,0,0,0
345,2016,Mar,Wed,0,0,0,0
346,2016,Mar,Thu,0,0,0,0
347,2016,Mar,Fri,0,0,0,0
348,2016,Mar,Sat,0,0,0,0
349,2016,Mar,Sun,0,0,0,0
350,2016,May,Mon,0,0,0,0
351,2016,May,Tue,1,0,1,0
352,2016,May,Wed,0,0,0,0
353,2016,May,Thu,0,0,0,0
354,2016,May,Fri,0,0,0,0
355,2016,May,Sat,1,0,1,0
356,2016,May,Sun,1,0,1,0
357,2016,Nov,Mon,0,0,0,0
358,2016,Nov,Tue,2,2,0,0
359,2016,Nov,Wed,0,0,0,0
360,2016,Nov,Thu,0,0,0,0
361,2016,Nov,Fri,0,0,0,0
362,2016,Nov,Sat,0,0,0,0
363,2016,Nov,Sun,0,0,0,0
364,2016,Oct,Mon,0,0,0,0
365,2016,Oct,Tue,0,0,0,0
366,2016,Oct,Wed,0,0,0,0
367,2016,Oct,Thu,0,0,0,0
368,2016,Oct,Fri,1,1,0,0
369,2016,Oct,Sat,0,0,0,0
370,2016,Oct,Sun,0,0,0,0
371,2016,Sep,Mon,0,0,0,0
372,2016,Sep,Tue,0,0,0,0
373,2016,Sep,Wed,0,0,0,0
374,2016,Sep,Thu,0,0,0,0
375,2016,Sep,Fri,0,0,0,0
376,2016,Sep,Sat,0,0,0,0
377,2016,Sep,Sun,1,0,1,0
378,2017,Apr,Mon,0,0,0,0
379,2017,Apr,Tue,0,0,0,0
380,2017,Apr,Wed,0,0,0,0
381,2017,Apr,Thu,1,0,1,0
382,2017,Apr,Fri,0,0,0,0
383,2017,Apr,Sat,2,0,2,0
384,2017,Apr,Sun,1,0,1,0
385,2017,Aug,Mon,0,0,0,0
386,2017,Aug,Tue,0,0,0,0
387,2017,Aug,Wed,0,0,0,0
388,2017,Aug,Thu,0,0,0,0
389,2017,Aug,Fri,0,0,0,0
390,2017,Aug,Sat,0,0,0,0
391,2017,Aug,Sun,0,0,0,0
392,2017,Dec,Mon,0,0,0,0
393,2017,Dec,Tue,0,0,0,0
394,2017,Dec,Wed,0,0,0,0
395,2017,Dec,Thu,0,0,0,0
396,2017,Dec,Fri,0,0,0,0
397,2017,Dec,Sat,0,0,0,0
398,2017,Dec,Sun,2,1,1,0
399,2017,Feb,Mon,0,0,0,0
400,2017,Feb,Tue,0,0,0,0
401,2017,Feb,Wed,0,0,0,0
402,2017,Feb,Thu,0,0,0,0
403,2017,Feb,Fri,0,0,0,0
404,2017,Feb,Sat,0,0,0,0
405,2017,Feb,Sun,0,0,0,0
406,2017,Jan,Mon,1,1,0,0
407,2017,Jan,Tue,0,0,0,0
408,2017,Jan,Wed,0,0,0,0
409,2017,Jan,Thu,0,0,0,0
410,2017,Jan,Fri,0,0,0,0
411,2017,Jan,Sat,0,0,0,0
412,2017,Jan,Sun,2,1,1,0
413,2017,Jul,Mon,0,0,0,0
414,2017,Jul,Tue,0,0,0,0
415,2017,Jul,Wed,1,0,1,0
416,2017,Jul,Thu,0,0,0,0
417,2017,Jul,Fri,0,0,0,0
418,2017,Jul,Sat,1,1,0,0
419,2017,Jul,Sun,0,0,0,0
420,2017,Jun,Mon,0,0,0,0
421,2017,Jun,Tue,0,0,0,0
422,2017,Jun,Wed,0,0,0,0
423,2017,Jun,Thu,0,0,0,0
424,2017,Jun,Fri,0,0,0,0
425,2017,Jun,Sat,3,0,3,0
426,2017,Jun,Sun,0,0,0,0
427,2017,Mar,Mon,0,0,0,0
428,2017,Mar,Tue,0,0,0,0
429,2017,Mar,Wed,1,0,1,0
430,2017,Mar,Thu,1,1,0,0
431,2017,Mar,Fri,0,0,0,0
432,2017,Mar,Sat,0,0,0,0
433,2017,Mar,Sun,0,0,0,0
434,2017,May,Mon,0,0,0,0
435,2017,May,Tue,0,0,0,0
436,2017,May,Wed,0,0,0,0
437,2017,May,Thu,1,1,0,0
438,2017,May,Fri,0,0,0,0
439,2017,May,Sat,0,0,0,0
440,2017,May,Sun,0,0,0,0
441,2017,Nov,Mon,0,0,0,0
442,2017,Nov,Tue,0,0,0,0
443,2017,Nov,Wed,0,0,0,0
444,2017,Nov,Thu,1,0,1,0
445,2017,Nov,Fri,0,0,0,0
446,2017,Nov,Sat,1,0,1,0
447,2017,Nov,Sun,1,1,0,0
448,2017,Oct,Mon,0,0,0,0
449,2017,Oct,Tue,8,6,0,2
450,2017,Oct,Wed,0,0,0,0
451,2017,Oct,Thu,0,0,0,0
452,2017,Oct,Fri,1,0,1,0
453,2017,Oct,Sat,0,0,0,0
454,2017,Oct,Sun,0,0,0,0
455,2017,Sep,Mon,4,2,2,0
456,2017,Sep,Tue,0,0,0,0
457,2017,Sep,Wed,0,0,0,0
458,2017,Sep,Thu,0,0,0,0
459,2017,Sep,Fri,1,0,1,0
460,2017,Sep,Sat,0,0,0,0
461,2017,Sep,Sun,2,1,0,1
462,2018,Apr,Mon,0,0,0,0
463,2018,Apr,Tue,0,0,0,0
464,2018,Apr,Wed,0,0,0,0
465,2018,Apr,Thu,0,0,0,0
466,2018,Apr,Fri,0,0,0,0
467,2018,Apr,Sat,1,0,1,0
468,2018,Apr,Sun,0,0,0,0
469,2018,Aug,Mon,1,0,1,0
470,2018,Aug,Tue,0,0,0,0
471,2018,Aug,Wed,0,0,0,0
472,2018,Aug,Thu,0,0,0,0
473,2018,Aug,Fri,0,0,0,0
474,2018,Aug,Sat,1,0,1,0
475,2018,Aug,Sun,1,0,1,0
476,2018,Dec,Mon,0,0,0,0
477,2018,Dec,Tue,1,1,0,0
478,2018,Dec,Wed,1,1,0,0
479,2018,Dec,Thu,0,0,0,0
480,2018,Dec,Fri,0,0,0,0
481,2018,Dec,Sat,1,0,1,0
482,2018,Dec,Sun,0,0,0,0
483,2018,Feb,Mon,0,0,0,0
484,2018,Feb,Tue,0,0,0,0
485,2018,Feb,Wed,1,1,0,0
486,2018,Feb,Thu,0,0,0,0
487,2018,Feb,Fri,0,0,0,0
488,2018,Feb,Sat,1,0,1,0
489,2018,Feb,Sun,0,0,0,0
490,2018,Jan,Mon,1,0,1,0
491,2018,Jan,Tue,0,0,0,0
492,2018,Jan,Wed,0,0,0,0
493,2018,Jan,Thu,1,0,1,0
494,2018,Jan,Fri,0,0,0,0
495,2018,Jan,Sat,0,0,0,0
496,2018,Jan,Sun,0,0,0,0
497,2018,Jul,Mon,0,0,0,0
498,2018,Jul,Tue,0,0,0,0
499,2018,Jul,Wed,0,0,0,0
500,2018,Jul,Thu,0,0,0,0
501,2018,Jul,Fri,1,0,1,0
502,2018,Jul,Sat,1,0,1,0
503,2018,Jul,Sun,0,0,0,0
504,2018,Jun,Mon,0,0,0,0
505,2018,Jun,Tue,1,1,0,0
506,2018,Jun,Wed,0,0,0,0
507,2018,Jun,Thu,0,0,0,0
508,2018,Jun,Fri,1,0,1,0
509,2018,Jun,Sat,2,0,2,0
510,2018,Jun,Sun,1,1,0,0
511,2018,Mar,Mon,3,3,0,0
512,2018,Mar,Tue,0,0,0,0
513,2018,Mar,Wed,0,0,0,0
514,2018,Mar,Thu,0,0,0,0
515,2018,Mar,Fri,1,0,1,0
516,2018,Mar,Sat,0,0,0,0
517,2018,Mar,Sun,0,0,0,0
518,2018,May,Mon,0,0,0,0
519,2018,May,Tue,0,0,0,0
520,2018,May,Wed,0,0,0,0
521,2018,May,Thu,2,1,1,0
522,2018,May,Fri,0,0,0,0
523,2018,May,Sat,1,0,1,0
524,2018,May,Sun,1,0,1,0
525,2018,Nov,Mon,1,1,0,0
526,2018,Nov,Tue,0,0,0,0
527,2018,Nov,Wed,0,0,0,0
528,2018,Nov,Thu,1,0,1,0
529,2018,Nov,Fri,1,0,1,0
530,2018,Nov,Sat,0,0,0,0
531,2018,Nov,Sun,0,0,0,0
532,2018,Oct,Mon,0,0,0,0
533,2018,Oct,Tue,0,0,0,0
534,2018,Oct,Wed,0,0,0,0
535,2018,Oct,Thu,0,0,0,0
536,2018,Oct,Fri,0,0,0,0
537,2018,Oct,Sat,0,0,0,0
538,2018,Oct,Sun,0,0,0,0
539,2018,Sep,Mon,1,0,1,0
540,2018,Sep,Tue,1,0,1,0
541,2018,Sep,Wed,1,1,0,0
542,2018,Sep,Thu,0,0,0,0
543,2018,Sep,Fri,0,0,0,0
544,2018,Sep,Sat,0,0,0,0
545,2018,Sep,Sun,0,0,0,0
546,2019,Apr,Mon,0,0,0,0
547,2019,Apr,Tue,1,0,1,0
548,2019,Apr,Wed,0,0,0,0
549,2019,Apr,Thu,0,0,0,0
550,2019,Apr,Fri,0,0,0,0
551,2019,Apr,Sat,0,0,0,0
552,2019,Apr,Sun,0,0,0,0
553,2019,Aug,Mon,0,0,0,0
554,2019,Aug,Tue,0,0,0,0
555,2019,Aug,Wed,0,0,0,0
556,2019,Aug,Thu,0,0,0,0
557,2019,Aug,Fri,0,0,0,0
558,2019,Aug,Sat,1,1,0,0
559,2019,Aug,Sun,1,0,0,1
560,2019,Dec,Mon,1,1,0,0
561,2019,Dec,Tue,0,0,0,0
562,2019,Dec,Wed,1,1,0,0
563,2019,Dec,Thu,0,0,0,0
564,2019,Dec,Fri,0,0,0,0
565,2019,Dec,Sat,0,0,0,0
566,2019,Dec,Sun,1,0,1,0
567,2019,Feb,Mon,0,0,0,0
568,2019,Feb,Tue,1,1,0,0
569,2019,Feb,Wed,0,0,0,0
570,2019,Feb,Thu,0,0,0,0
571,2019,Feb,Fri,0,0,0,0
572,2019,Feb,Sat,0,0,0,0
573,2019,Feb,Sun,0,0,0,0
574,2019,Jan,Mon,0,0,0,0
575,2019,Jan,Tue,0,0,0,0
576,2019,Jan,Wed,0,0,0,0
577,2019,Jan,Thu,0,0,0,0
578,2019,Jan,Fri,0,0,0,0
579,2019,Jan,Sat,0,0,0,0
580,2019,Jan,Sun,1,0,1,0
581,2019,Jul,Mon,0,0,0,0
582,2019,Jul,Tue,1,0,1,0
583,2019,Jul,Wed,1,0,1,0
584,2019,Jul,Thu,0,0,0,0
585,2019,Jul,Fri,1,1,0,0
586,2019,Jul,Sat,0,0,0,0
587,2019,Jul,Sun,1,1,0,0
588,2019,Jun,Mon,0,0,0,0
589,2019,Jun,Tue,0,0,0,0
590,2019,Jun,Wed,0,0,0,0
591,2019,Jun,Thu,1,0,0,1
592,2019,Jun,Fri,0,0,0,0
593,2019,Jun,Sat,0,0,0,0
594,2019,Jun,Sun,1,0,1,0
595,2019,Mar,Mon,0,0,0,0
596,2019,Mar,Tue,0,0,0,0
597,2019,Mar,Wed,0,0,0,0
598,2019,Mar,Thu,0,0,0,0
599,2019,Mar,Fri,0,0,0,0
600,2019,Mar,Sat,1,0,1,0
601,2019,Mar,Sun,0,0,0,0
602,2019,May,Mon,0,0,0,0
603,2019,May,Tue,1,0,1,0
604,2019,May,Wed,1,0,1,0
605,2019,May,Thu,0,0,0,0
606,2019,May,Fri,1,1,0,0
607,2019,May,Sat,0,0,0,0
608,2019,May,Sun,0,0,0,0
609,2019,Nov,Mon,0,0,0,0
610,2019,Nov,Tue,0,0,0,0
611,2019,Nov,Wed,1,1,0,0
612,2019,Nov,Thu,0,0,0,0
613,2019,Nov,Fri,0,0,0,0
614,2019,Nov,Sat,0,0,0,0
615,2019,Nov,Sun,0,0,0,0
616,2019,Oct,Mon,0,0,0,0
617,2019,Oct,Tue,0,0,0,0
618,2019,Oct,Wed,0,0,0,0
619,2019,Oct,Thu,0,0,0,0
620,2019,Oct,Fri,0,0,0,0
621,2019,Oct,Sat,2,1,0,1
622,2019,Oct,Sun,0,0,0,0
623,2019,Sep,Mon,0,0,0,0
624,2019,Sep,Tue,2,1,1,0
625,2019,Sep,Wed,0,0,0,0
626,2019,Sep,Thu,0,0,0,0
627,2019,Sep,Fri,0,0,0,0
628,2019,Sep,Sat,0,0,0,0
629,2019,Sep,Sun,0,0,0,0
630,2020,Apr,Mon,0,0,0,0
631,2020,Apr,Tue,0,0,0,0
632,2020,Apr,Wed,0,0,0,0
633,2020,Apr,Thu,0,0,0,0
634,2020,Apr,Fri,0,0,0,0
635,2020,Apr,Sat,1,0,1,0
636,2020,Apr,Sun,1,0,1,0
637,2020,Aug,Mon,0,0,0,0
638,2020,Aug,Tue,1,0,1,0
639,2020,Aug,Wed,0,0,0,0
640,2020,Aug,Thu,1,1,0,0
641,2020,Aug,Fri,0,0,0,0
642,2020,Aug,Sat,0,0,0,0
643,2020,Aug,Sun,2,0,2,0
644,2020,Dec,Mon,0,0,0,0
645,2020,Dec,Tue,0,0,0,0
646,2020,Dec,Wed,1,1,0,0
647,2020,Dec,Thu,1,0,1,0
648,2020,Dec,Fri,0,0,0,0
649,2020,Dec,Sat,0,0,0,0
650,2020,Dec,Sun,0,0,0,0
651,2020,Feb,Mon,1,0,1,0
652,2020,Feb,Tue,2,2,0,0
653,2020,Feb,Wed,1,0,1,0
654,2020,Feb,Thu,1,1,0,0
655,2020,Feb,Fri,1,1,0,0
656,2020,Feb,Sat,0,0,0,0
657,2020,Feb,Sun,0,0,0,0
658,2020,Jan,Mon,0,0,0,0
659,2020,Jan,Tue,1,1,0,0
660,2020,Jan,Wed,0,0,0,0
661,2020,Jan,Thu,0,0,0,0
662,2020,Jan,Fri,1,0,1,0
663,2020,Jan,Sat,2,1,1,0
664,2020,Jan,Sun,0,0,0,0
665,2020,Jul,Mon,0,0,0,0
666,2020,Jul,Tue,0,0,0,0
667,2020,Jul,Wed,1,1,0,0
668,2020,Jul,Thu,0,0,0,0
669,2020,Jul,Fri,0,0,0,0
670,2020,Jul,Sat,4,0,4,0
671,2020,Jul,Sun,1,1,0,0
672,2020,Jun,Mon,1,0,1,0
673,2020,Jun,Tue,1,0,1,0
674,2020,Jun,Wed,1,1,0,0
675,2020,Jun,Thu,0,0,0,0
676,2020,Jun,Fri,1,0,1,0
677,2020,Jun,Sat,2,0,2,0
678,2020,Jun,Sun,0,0,0,0
679,2020,Mar,Mon,0,0,0,0
680,2020,Mar,Tue,0,0,0,0
681,2020,Mar,Wed,0,0,0,0
682,2020,Mar,Thu,0,0,0,0
683,2020,Mar,Fri,0,0,0,0
684,2020,Mar,Sat,0,0,0,0
685,2020,Mar,Sun,0,0,0,0
686,2020,May,Mon,0,0,0,0
687,2020,May,Tue,0,0,0,0
688,2020,May,Wed,0,0,0,0
689,2020,May,Thu,0,0,0,0
690,2020,May,Fri,1,0,1,0
691,2020,May,Sat,0,0,0,0
692,2020,May,Sun,1,0,1,0
693,2020,Nov,Mon,1,0,1,0
694,2020,Nov,Tue,0,0,0,0
695,2020,Nov,Wed,0,0,0,0
696,2020,Nov,Thu,0,0,0,0
697,2020,Nov,Fri,2,0,2,0
698,2020,Nov,Sat,0,0,0,0
699,2020,Nov,Sun,0,0,0,0
700,2020,Oct,Mon,0,0,0,0
701,2020,Oct,Tue,4,0,4,0
702,2020,Oct,Wed,0,0,0,0
703,2020,Oct,Thu,1,1,0,0
704,2020,Oct,Fri,2,2,0,0
705,2020,Oct,Sat,2,0,1,1
706,2020,Oct,Sun,1,1,0,0
707,2020,Sep,Mon,0,0,0,0
708,2020,Sep,Tue,1,0,1,0
709,2020,Sep,Wed,0,0,0,0
710,2020,Sep,Thu,2,0,2,0
711,2020,Sep,Fri,1,1,0,0
712,2020,Sep,Sat,3,0,3,0
713,2020,Sep,Sun,0,0,0,0
714,2021,Apr,Mon,0,0,0,0
715,2021,Apr,Tue,0,0,0,0
716,2021,Apr,Wed,1,0,1,0
717,2021,Apr,Thu,0,0,0,0
718,2021,Apr,Fri,0,0,0,0
719,2021,Apr,Sat,0,0,0,0
720,2021,Apr,Sun,1,0,1,0
721,2021,Aug,Mon,0,0,0,0
722,2021,Aug,Tue,2,0,2,0
723,2021,Aug,Wed,0,0,0,0
724,2021,Aug,Thu,1,0,1,0
725,2021,Aug,Fri,1,1,0,0
726,2021,Aug,Sat,2,1,1,0
727,2021,Aug,Sun,1,0,1,0
728,2021,Dec,Mon,0,0,0,0
729,2021,Dec,Tue,0,0,0,0
730,2021,Dec,Wed,0,0,0,0
731,2021,Dec,Thu,0,0,0,0
732,2021,Dec,Fri,1,0,1,0
733,2021,Dec,Sat,0,0,0,0
734,2021,Dec,Sun,0,0,0,0
735,2021,Feb,Mon,0,0,0,0
736,2021,Feb,Tue,0,0,0,0
737,2021,Feb,Wed,0,0,0,0
738,2021,Feb,Thu,0,0,0,0
739,2021,Feb,Fri,0,0,0,0
740,2021,Feb,Sat,0,0,0,0
741,2021,Feb,Sun,0,0,0,0
742,2021,Jan,Mon,0,0,0,0
743,2021,Jan,Tue,0,0,0,0
744,2021,Jan,Wed,0,0,0,0
745,2021,Jan,Thu,0,0,0,0
746,2021,Jan,Fri,3,1,2,0
747,2021,Jan,Sat,0,0,0,0
748,2021,Jan,Sun,0,0,0,0
749,2021,Jul,Mon,0,0,0,0
750,2021,Jul,Tue,0,0,0,0
751,2021,Jul,Wed,0,0,0,0
752,2021,Jul,Thu,0,0,0,0
753,2021,Jul,Fri,0,0,0,0
754,2021,Jul,Sat,3,0,3,0
755,2021,Jul,Sun,0,0,0,0
756,2021,Jun,Mon,1,0,1,0
757,2021,Jun,Tue,1,0,1,0
758,2021,Jun,Wed,0,0,0,0
759,2021,Jun,Thu,1,0,1,0
760,2021,Jun,Fri,0,0,0,0
761,2021,Jun,Sat,0,0,0,0
762,2021,Jun,Sun,1,0,1,0
763,2021,Mar,Mon,0,0,0,0
764,2021,Mar,Tue,0,0,0,0
765,2021,Mar,Wed,0,0,0,0
766,2021,Mar,Thu,0,0,0,0
767,2021,Mar,Fri,1,0,1,0
768,2021,Mar,Sat,0,0,0,0
769,2021,Mar,Sun,0,0,0,0
770,2021,May,Mon,1,0,1,0
771,2021,May,Tue,0,0,0,0
772,2021,May,Wed,0,0,0,0
773,2021,May,Thu,0,0,0,0
774,2021,May,Fri,1,1,0,0
775,2021,May,Sat,0,0,0,0
776,2021,May,Sun,0,0,0,0
777,2021,Nov,Mon,0,0,0,0
778,2021,Nov,Tue,0,0,0,0
779,2021,Nov,Wed,0,0,0,0
780,2021,Nov,Thu,0,0,0,0
781,2021,Nov,Fri,0,0,0,0
782,2021,Nov,Sat,0,0,0,0
783,2021,Nov,Sun,0,0,0,0
784,2021,Oct,Mon,0,0,0,0
785,2021,Oct,Tue,0,0,0,0
786,2021,Oct,Wed,0,0,0,0
787,2021,Oct,Thu,0,0,0,0
788,2021,Oct,Fri,0,0,0,0
789,2021,Oct,Sat,0,0,0,0
790,2021,Oct,Sun,0,0,0,0
791,2021,Sep,Mon,0,0,0,0
792,2021,Sep,Tue,2,2,0,0
793,2021,Sep,Wed,0,0,0,0
794,2021,Sep,Thu,1,1,0,0
795,2021,Sep,Fri,0,0,0,0
796,2021,Sep,Sat,2,1,1,0
797,2021,Sep,Sun,0,0,0,0
798,2022,Apr,Mon,0,0,0,0
799,2022,Apr,Tue,0,0,0,0
800,2022,Apr,Wed,0,0,0,0
801,2022,Apr,Thu,0,0,0,0
802,2022,Apr,Fri,0,0,0,0
803,2022,Apr,Sat,0,0,0,0
804,2022,Apr,Sun,0,0,0,0
805,2022,Aug,Mon,1,0,1,0
806,2022,Aug,Tue,0,0,0,0
807,2022,Aug,Wed,2,2,0,0
808,2022,Aug,Thu,1,0,1,0
809,2022,Aug,Fri,0,0,0,0
810,2022,Aug,Sat,1,1,0,0
811,2022,Aug,Sun,1,0,1,0
812,2022,Dec,Mon,0,0,0,0
813,2022,Dec,Tue,0,0,0,0
814,2022,Dec,Wed,0,0,0,0
815,2022,Dec,Thu,0,0,0,0
816,2022,Dec,Fri,1,0,1,0
817,2022,Dec,Sat,0,0,0,0
818,2022,Dec,Sun,0,0,0,0
819,2022,Feb,Mon,1,0,1,0
820,2022,Feb,Tue,1,0,1,0
821,2022,Feb,Wed,0,0,0,0
822,2022,Feb,Thu,0,0,0,0
823,2022,Feb,Fri,0,0,0,0
824,2022,Feb,Sat,1,0,1,0
825,2022,Feb,Sun,1,0,1,0
826,2022,Jan,Mon,0,0,0,0
827,2022,Jan,Tue,1,0,1,0
828,2022,Jan,Wed,0,0,0,0
829,2022,Jan,Thu,0,0,0,0
830,2022,Jan,Fri,0,0,0,0
831,2022,Jan,Sat,1,0,1,0
832,2022,Jan,Sun,0,0,0,0
833,2022,Jul,Mon,0,0,0,0
834,2022,Jul,Tue,2,0,2,0
835,2022,Jul,Wed,0,0,0,0
836,2022,Jul,Thu,0,0,0,0
837,2022,Jul,Fri,0,0,0,0
838,2022,Jul,Sat,0,0,0,0
839,2022,Jul,Sun,5,0,5,0
840,2022,Jun,Mon,1,1,0,0
841,2022,Jun,Tue,1,0,1,0
842,2022,Jun,Wed,0,0,0,0
843,2022,Jun,Thu,0,0,0,0
844,2022,Jun,Fri,0,0,0,0
845,2022,Jun,Sat,1,1,0,0
846,2022,Jun,Sun,0,0,0,0
847,2022,Mar,Mon,1,1,0,0
848,2022,Mar,Tue,0,0,0,0
849,2022,Mar,Wed,0,0,0,0
850,2022,Mar,Thu,0,0,0,0
851,2022,Mar,Fri,1,1,0,0
852,2022,Mar,Sat,0,0,0,0
853,2022,Mar,Sun,0,0,0,0
854,2022,May,Mon,2,2,0,0
855,2022,May,Tue,0,0,0,0
856,2022,May,Wed,0,0,0,0
857,2022,May,Thu,1,1,0,0
858,2022,May,Fri,0,0,0,0
859,2022,May,Sat,0,0,0,0
860,2022,May,Sun,1,0,1,0
861,2022,Nov,Mon,0,0,0,0
862,2022,Nov,Tue,0,0,0,0
863,2022,Nov,Wed,0,0,0,0
864,2022,Nov,Thu,0,0,0,0
865,2022,Nov,Fri,0,0,0,0
866,2022,Nov,Sat,1,0,0,0
867,2022,Nov,Sun,0,0,0,0
868,2022,Oct,Mon,0,0,0,0
869,2022,Oct,Tue,0,0,0,0
870,2022,Oct,Wed,0,0,0,0
871,2022,Oct,Thu,1,1,0,0
872,2022,Oct,Fri,2,0,2,0
873,2022,Oct,Sat,0,0,0,0
874,2022,Oct,Sun,1,0,1,0
875,2022,Sep,Mon,0,0,0,0
876,2022,Sep,Tue,0,0,0,0
877,2022,Sep,Wed,0,0,0,0
878,2022,Sep,Thu,0,0,0,0
879,2022,Sep,Fri,1,1,0,0
880,2022,Sep,Sat,1,1,0,0
881,2022,Sep,Sun,0,0,0,0
882,2023,Apr,Mon,0,0,0,0
883,2023,Apr,Tue,0,0,0,0
884,2023,Apr,Wed,0,0,0,0
885,2023,Apr,Thu,0,0,0,0
886,2023,Apr,Fri,0,0,0,0
887,2023,Apr,Sat,0,0,0,0
888,2023,Apr,Sun,0,0,0,0
889,2023,Aug,Mon,0,0,0,0
890,2023,Aug,Tue,1,0,1,0
891,2023,Aug,Wed,0,0,0,0
892,2023,Aug,Thu,1,0,1,0
893,2023,Aug,Fri,1,0,1,0
894,2023,Aug,Sat,0,0,0,0
895,2023,Aug,Sun,0,0,0,0
896,2023,Dec,Mon,2,0,2,0
897,2023,Dec,Tue,0,0,0,0
898,2023,Dec,Wed,1,0,1,0
899,2023,Dec,Thu,0,0,0,0
900,2023,Dec,Fri,0,0,0,0
901,2023,Dec,Sat,0,0,0,0
902,2023,Dec,Sun,2,1,1,0
903,2023,Feb,Mon,0,0,0,0
904,2023,Feb,Tue,0,0,0,0
905,2023,Feb,Wed,1,0,1,0
906,2023,Feb,Thu,0,0,0,0
907,2023,Feb,Fri,1,1,0,0
908,2023,Feb,Sat,0,0,0,0
909,2023,Feb,Sun,0,0,0,0
910,2023,Jan,Mon,0,0,0,0
911,2023,Jan,Tue,0,0,0,0
912,2023,Jan,Wed,0,0,0,0
913,2023,Jan,Thu,0,0,0,0
914,2023,Jan,Fri,0,0,0,0
915,2023,Jan,Sat,0,0,0,0
916,2023,Jan,Sun,0,0,0,0
917,2023,Jul,Mon,2,0,2,0
918,2023,Jul,Tue,0,0,0,0
919,2023,Jul,Wed,0,0,0,0
920,2023,Jul,Thu,1,0,1,0
921,2023,Jul,Fri,0,0,0,0
922,2023,Jul,Sat,1,0,1,0
923,2023,Jul,Sun,0,0,0,0
924,2023,Jun,Mon,0,0,0,0
925,2023,Jun,Tue,0,0,0,0
926,2023,Jun,Wed,1,1,0,0
927,2023,Jun,Thu,1,1,0,0
928,2023,Jun,Fri,0,0,0,0
929,2023,Jun,Sat,1,0,1,0
930,2023,Jun,Sun,1,1,0,0
931,2023,Mar,Mon,3,1,2,0
932,2023,Mar,Tue,0,0,0,0
933,2023,Mar,Wed,0,0,0,0
934,2023,Mar,Thu,0,0,0,0
935,2023,Mar,Fri,1,1,0,0
936,2023,Mar,Sat,0,0,0,0
937,2023,Mar,Sun,0,0,0,0
938,2023,May,Mon,0,0,0,0
939,2023,May,Tue,0,0,0,0
940,2023,May,Wed,1,0,1,0
941,2023,May,Thu,0,0,0,0
942,2023,May,Fri,0,0,0,0
943,2023,May,Sat,0,0,0,0
944,2023,May,Sun,2,0,2,0
945,2023,Nov,Mon,0,0,0,0
946,2023,Nov,Tue,1,0,1,0
947,2023,Nov,Wed,1,0,1,0
948,2023,Nov,Thu,0,0,0,0
949,2023,Nov,Fri,1,0,1,0
950,2023,Nov,Sat,0,0,0,0
951,2023,Nov,Sun,1,0,1,0
952,2023,Oct,Mon,0,0,0,0
953,2023,Oct,Tue,0,0,0,0
954,2023,Oct,Wed,1,0,1,0
955,2023,Oct,Thu,1,1,0,0
956,2023,Oct,Fri,0,0,0,0
957,2023,Oct,Sat,0,0,0,0
958,2023,Oct,Sun,1,0,1,0
959,2023,Sep,Mon,0,0,0,0
960,2023,Sep,Tue,1,1,0,0
961,2023,Sep,Wed,0,0,0,0
962,2023,Sep,Thu,0,0,0,0
963,2023,Sep,Fri,0,0,0,0
964,2023,Sep,Sat,0,0,0,0
965,2023,Sep,Sun,0,0,0,0
966,2024,Apr,Mon,0,0,0,0
967,2024,Apr,Tue,2,2,0,0
968,2024,Apr,Wed,0,0,0,0
969,2024,Apr,Thu,0,0,0,0
970,2024,Apr,Fri,0,0,0,0
971,2024,Apr,Sat,2,0,2,0
972,2024,Apr,Sun,0,0,0,0
973,2024,Aug,Mon,0,0,0,0
974,2024,Aug,Tue,0,0,0,0
975,2024,Aug,Wed,0,0,0,0
976,2024,Aug,Thu,0,0,0,0
977,2024,Aug,Fri,1,0,1,0
978,2024,Aug,Sat,1,0,1,0
979,2024,Aug,Sun,0,0,0,0
980,2024,Feb,Mon,2,0,2,0
981,2024,Feb,Tue,0,0,0,0
982,2024,Feb,Wed,0,0,0,0
983,2024,Feb,Thu,1,0,1,0
984,2024,Feb,Fri,0,0,0,0
985,2024,Feb,Sat,0,0,0,0
986,2024,Feb,Sun,0,0,0,0
987,2024,Jan,Mon,1,0,1,0
988,2024,Jan,Tue,0,0,0,0
989,2024,Jan,Wed,0,0,0,0
990,2024,Jan,Thu,0,0,0,0
991,2024,Jan,Fri,0,0,0,0
992,2024,Jan,Sat,1,1,0,0
993,2024,Jan,Sun,2,0,2,0
994,2024,Jul,Mon,1,1,0,0
995,2024,Jul,Tue,0,0,0,0
996,2024,Jul,Wed,0,0,0,0
997,2024,Jul,Thu,5,5,0,0
998,2024,Jul,Fri,0,0,0,0
999,2024,Jul,Sat,1,0,1,0
1000,2024,Jul,Sun,1,0,1,0
1001,2024,Jun,Mon,2,2,0,0
1002,2024,Jun,Tue,0,0,0,0
1003,2024,Jun,Wed,1,1,0,0
1004,2024,Jun,Thu,0,0,0,0
1005,2024,Jun,Fri,0,0,0,0
1006,2024,Jun,Sat,0,0,0,0
1007,2024,Jun,Sun,0,0,0,0
1008,2024,Mar,Mon,0,0,0,0
1009,2024,Mar,Tue,0,0,0,0
1010,2024,Mar,Wed,1,1,0,0
1011,2024,Mar,Thu,0,0,0,0
1012,2024,Mar,Fri,0,0,0,0
1013,2024,Mar,Sat,0,0,0,0
1014,2024,Mar,Sun,0,0,0,0
1015,2024,May,Mon,0,0,0,0
1016,2024,May,Tue,1,0,1,0
1017,2024,May,Wed,0,0,0,0
1018,2024,May,Thu,1,1,0,0
1019,2024,May,Fri,0,0,0,0
1020,2024,May,Sat,0,0,0,0
1021,2024,May,Sun,1,0,1,0
1022,2024,Nov,Mon,0,0,0,0
1023,2024,Nov,Tue,0,0,0,0
1024,2024,Nov,Wed,0,0,0,0
1025,2024,Nov,Thu,0,0,0,0
1026,2024,Nov,Fri,0,0,0,0
1027,2024,Nov,Sat,0,0,0,0
1028,2024,Nov,Sun,0,0,0,0
1029,2024,Oct,Mon,0,0,0,0
1030,2024,Oct,Tue,1,1,0,0
1031,2024,Oct,Wed,2,0,1,1
1032,2024,Oct,Thu,0,0,0,0
1033,2024,Oct,Fri,0,0,0,0
1034,2024,Oct,Sat,2,0,2,0
1035,2024,Oct,Sun,2,0,2,0
1036,2024,Sep,Mon,0,0,0,0
1037,2024,Sep,Tue,0,0,0,0
1038,2024,Sep,Wed,0,0,0,0
1039,2024,Sep,Thu,0,0,0,0
1040,2024,Sep,Fri,0,0,0,0
1041,2024,Sep,Sat,0,0,0,0
1042,2024,Sep,Sun,1,0,0,1
